Unnamed: 0,Streaming Service,Date,Subscription Price
0,Netflix,2011-07-01,7.99
1,Netflix,2011-08-01,7.99
2,Netflix,2011-09-01,7.99
3,Netflix,2011-10-01,7.99
4,Netflix,2011-11-01,7.99
5,Netflix,2011-12-01,7.99
6,Netflix,2012-01-01,7.99
7,Netflix,2012-02-01,7.99
8,Netflix,2012-03-01,7.99
9,Netflix,2012-04-01,7.99
10,Netflix,2012-05-01,7.99
11,Netflix,2012-06-01,7.99
12,Netflix,2012-07-01,7.99
13,Netflix,2012-08-01,7.99
14,Netflix,2012-09-01,7.99
15,Netflix,2012-10-01,7.99
16,Netflix,2012-11-01,7.99
17,Netflix,2012-12-01,7.99
18,Netflix,2013-01-01,7.99
19,Netflix,2013-02-01,7.99
20,Netflix,2013-03-01,7.99
21,Netflix,2013-04-01,7.99
22,Netflix,2013-05-01,7.99
23,Netflix,2013-06-01,7.99
24,Netflix,2013-07-01,7.99
25,Netflix,2013-08-01,7.99
26,Netflix,2013-09-01,7.99
27,Netflix,2013-10-01,7.99
28,Netflix,2013-11-01,7.99
29,Netflix,2013-12-01,7.99
30,Netflix,2014-01-01,7.99
31,Netflix,2014-02-01,7.99
32,Netflix,2014-03-01,7.99
33,Netflix,2014-04-01,7.99
34,Netflix,2014-05-01,7.99
35,Netflix,2014-06-01,7.99
36,Netflix,2014-07-01,7.99
37,Netflix,2014-08-01,7.99
38,Netflix,2014-09-01,7.99
39,Netflix,2014-10-01,7.99
40,Netflix,2014-11-01,7.99
41,Netflix,2014-12-01,7.99
42,Netflix,2015-01-01,7.99
43,Netflix,2015-02-01,7.99
44,Netflix,2015-03-01,7.99
45,Netflix,2015-04-01,7.99
46,Netflix,2015-05-01,7.99
47,Netflix,2015-06-01,7.99
48,Netflix,2015-07-01,7.99
49,Netflix,2015-08-01,7.99
50,Netflix,2015-09-01,7.99
51,Netflix,2015-10-01,7.99
52,Netflix,2015-11-01,7.99
53,Netflix,2015-12-01,7.99
54,Netflix,2016-01-01,7.99
55,Netflix,2016-02-01,7.99
56,Netflix,2016-03-01,7.99
57,Netflix,2016-04-01,7.99
58,Netflix,2016-05-01,7.99
59,Netflix,2016-06-01,7.99
60,Netflix,2016-07-01,7.99
61,Netflix,2016-08-01,7.99
62,Netflix,2016-09-01,7.99
63,Netflix,2016-10-01,7.99
64,Netflix,2016-11-01,7.99
65,Netflix,2016-12-01,7.99
66,Netflix,2017-01-01,7.99
67,Netflix,2017-02-01,7.99
68,Netflix,2017-03-01,7.99
69,Netflix,2017-04-01,7.99
70,Netflix,2017-05-01,7.99
71,Netflix,2017-06-01,7.99
72,Netflix,2017-07-01,7.99
73,Netflix,2017-08-01,7.99
74,Netflix,2017-09-01,7.99
75,Netflix,2017-10-01,7.99
76,Netflix,2017-11-01,7.99
77,Netflix,2017-12-01,7.99
78,Netflix,2018-01-01,7.99
79,Netflix,2018-02-01,7.99
80,Netflix,2018-03-01,7.99
81,Netflix,2018-04-01,7.99
82,Netflix,2018-05-01,7.99
83,Netflix,2018-06-01,7.99
84,Netflix,2018-07-01,7.99
85,Netflix,2018-08-01,7.99
86,Netflix,2018-09-01,7.99
87,Netflix,2018-10-01,7.99
88,Netflix,2018-11-01,7.99
89,Netflix,2018-12-01,7.99
90,Netflix,2019-01-01,8.99
91,Netflix,2019-02-01,8.99
92,Netflix,2019-03-01,8.99
93,Netflix,2019-04-01,8.99
94,Netflix,2019-05-01,8.99
95,Netflix,2019-06-01,8.99
96,Netflix,2019-07-01,8.99
97,Netflix,2019-08-01,8.99
98,Netflix,2019-09-01,8.99
99,Netflix,2019-10-01,8.99
100,Netflix,2019-11-01,8.99
101,Netflix,2019-12-01,8.99
102,Netflix,2020-01-01,8.99
103,Netflix,2020-02-01,8.99
104,Netflix,2020-03-01,8.99
105,Netflix,2020-04-01,8.99
106,Netflix,2020-05-01,8.99
107,Netflix,2020-06-01,8.99
108,Netflix,2020-07-01,8.99
109,Netflix,2020-08-01,8.99
110,Netflix,2020-09-01,8.99
111,Netflix,2020-10-01,8.99
112,Netflix,2020-11-01,8.99
113,Netflix,2020-12-01,8.99
114,Netflix,2021-01-01,8.99
115,Netflix,2021-02-01,8.99
116,Netflix,2021-03-01,8.99
117,Netflix,2021-04-01,8.99
118,Netflix,2021-05-01,8.99
119,Netflix,2021-06-01,8.99
120,Netflix,2021-07-01,8.99
121,Netflix,2021-08-01,8.99
122,Netflix,2021-09-01,8.99
123,Netflix,2021-10-01,8.99
124,Netflix,2021-11-01,8.99
125,Netflix,2021-12-01,8.99
126,Netflix,2022-01-01,9.99
127,Netflix,2022-02-01,9.99
128,Netflix,2022-03-01,9.99
129,Netflix,2022-04-01,9.99
130,Netflix,2022-05-01,9.99
131,Netflix,2022-06-01,9.99
132,Netflix,2022-07-01,9.99
133,Netflix,2022-08-01,9.99
134,Netflix,2022-09-01,9.99
135,Netflix,2022-10-01,9.99
136,Netflix,2022-11-01,9.99
137,Netflix,2022-12-01,9.99
138,Netflix,2023-01-01,9.99
139,Netflix,2023-02-01,9.99
140,Netflix,2023-03-01,9.99
141,Netflix,2023-04-01,9.99
142,Netflix,2023-05-01,9.99
143,Netflix,2023-06-01,9.99
144,Netflix,2023-07-01,9.99
145,Netflix,2023-08-01,9.99
146,Netflix,2023-09-01,9.99
147,Netflix,2023-10-01,15.49
148,Netflix,2023-11-01,15.49
149,Netflix,2023-12-01,15.49
150,Netflix,2024-01-01,15.49
151,Disney+,2019-11-01,6.99
152,Disney+,2019-12-01,6.99
153,Disney+,2020-01-01,6.99
154,Disney+,2020-02-01,6.99
155,Disney+,2020-03-01,6.99
156,Disney+,2020-04-01,6.99
157,Disney+,2020-05-01,6.99
158,Disney+,2020-06-01,6.99
159,Disney+,2020-07-01,6.99
160,Disney+,2020-08-01,6.99
161,Disney+,2020-09-01,6.99
162,Disney+,2020-10-01,6.99
163,Disney+,2020-11-01,6.99
164,Disney+,2020-12-01,6.99
165,Disney+,2021-01-01,6.99
166,Disney+,2021-02-01,6.99
167,Disney+,2021-03-01,7.99
168,Disney+,2021-04-01,7.99
169,Disney+,2021-05-01,7.99
170,Disney+,2021-06-01,7.99
171,Disney+,2021-07-01,7.99
172,Disney+,2021-08-01,7.99
173,Disney+,2021-09-01,7.99
174,Disney+,2021-10-01,7.99
175,Disney+,2021-11-01,7.99
176,Disney+,2021-12-01,7.99
177,Disney+,2022-01-01,7.99
178,Disney+,2022-02-01,7.99
179,Disney+,2022-03-01,7.99
180,Disney+,2022-04-01,7.99
181,Disney+,2022-05-01,7.99
182,Disney+,2022-06-01,7.99
183,Disney+,2022-07-01,7.99
184,Disney+,2022-08-01,7.99
185,Disney+,2022-09-01,7.99
186,Disney+,2022-10-01,7.99
187,Disney+,2022-11-01,7.99
188,Disney+,2022-12-01,10.99
189,Disney+,2023-01-01,10.99
190,Disney+,2023-02-01,10.99
191,Disney+,2023-03-01,10.99
192,Disney+,2023-04-01,10.99
193,Disney+,2023-05-01,10.99
194,Disney+,2023-06-01,10.99
195,Disney+,2023-07-01,10.99
196,Disney+,2023-08-01,10.99
197,Disney+,2023-09-01,10.99
198,Disney+,2023-10-01,13.99
199,Disney+,2023-11-01,13.99
200,Disney+,2023-12-01,13.99
201,Disney+,2024-01-01,13.99
202,HBO Max,2020-05-01,14.99
203,HBO Max,2020-06-01,14.99
204,HBO Max,2020-07-01,14.99
205,HBO Max,2020-08-01,14.99
206,HBO Max,2020-09-01,14.99
207,HBO Max,2020-10-01,14.99
208,HBO Max,2020-11-01,14.99
209,HBO Max,2020-12-01,14.99
210,HBO Max,2021-01-01,14.99
211,HBO Max,2021-02-01,14.99
212,HBO Max,2021-03-01,14.99
213,HBO Max,2021-04-01,14.99
214,HBO Max,2021-05-01,14.99
215,HBO Max,2021-06-01,14.99
216,HBO Max,2021-07-01,14.99
217,HBO Max,2021-08-01,14.99
218,HBO Max,2021-09-01,14.99
219,HBO Max,2021-10-01,14.99
220,HBO Max,2021-11-01,14.99
221,HBO Max,2021-12-01,14.99
222,HBO Max,2022-01-01,14.99
223,HBO Max,2022-02-01,14.99
224,HBO Max,2022-03-01,14.99
225,HBO Max,2022-04-01,14.99
226,HBO Max,2022-05-01,14.99
227,HBO Max,2022-06-01,14.99
228,HBO Max,2022-07-01,14.99
229,HBO Max,2022-08-01,14.99
230,HBO Max,2022-09-01,14.99
231,HBO Max,2022-10-01,14.99
232,HBO Max,2022-11-01,14.99
233,HBO Max,2022-12-01,14.99
234,HBO Max,2023-01-01,14.99
235,HBO Max,2023-02-01,15.99
236,HBO Max,2023-03-01,15.99
237,HBO Max,2023-04-01,15.99
238,HBO Max,2023-05-01,15.99
239,HBO Max,2023-06-01,15.99
240,HBO Max,2023-07-01,15.99
241,HBO Max,2023-08-01,15.99
242,HBO Max,2023-09-01,15.99
243,HBO Max,2023-10-01,15.99
244,HBO Max,2023-11-01,15.99
245,HBO Max,2023-12-01,15.99
246,HBO Max,2024-01-01,15.99
247,Hulu,2015-10-01,11.99
248,Hulu,2015-11-01,11.99
249,Hulu,2015-12-01,11.99
250,Hulu,2016-01-01,11.99
251,Hulu,2016-02-01,11.99
252,Hulu,2016-03-01,11.99
253,Hulu,2016-04-01,11.99
254,Hulu,2016-05-01,11.99
255,Hulu,2016-06-01,11.99
256,Hulu,2016-07-01,11.99
257,Hulu,2016-08-01,11.99
258,Hulu,2016-09-01,11.99
259,Hulu,2016-10-01,11.99
260,Hulu,2016-11-01,11.99
261,Hulu,2016-12-01,11.99
262,Hulu,2017-01-01,11.99
263,Hulu,2017-02-01,11.99
264,Hulu,2017-03-01,11.99
265,Hulu,2017-04-01,11.99
266,Hulu,2017-05-01,11.99
267,Hulu,2017-06-01,11.99
268,Hulu,2017-07-01,11.99
269,Hulu,2017-08-01,11.99
270,Hulu,2017-09-01,11.99
271,Hulu,2017-10-01,11.99
272,Hulu,2017-11-01,11.99
273,Hulu,2017-12-01,11.99
274,Hulu,2018-01-01,11.99
275,Hulu,2018-02-01,11.99
276,Hulu,2018-03-01,11.99
277,Hulu,2018-04-01,11.99
278,Hulu,2018-05-01,11.99
279,Hulu,2018-06-01,11.99
280,Hulu,2018-07-01,11.99
281,Hulu,2018-08-01,11.99
282,Hulu,2018-09-01,11.99
283,Hulu,2018-10-01,11.99
284,Hulu,2018-11-01,11.99
285,Hulu,2018-12-01,11.99
286,Hulu,2019-01-01,11.99
287,Hulu,2019-02-01,11.99
288,Hulu,2019-03-01,11.99
289,Hulu,2019-04-01,11.99
290,Hulu,2019-05-01,11.99
291,Hulu,2019-06-01,11.99
292,Hulu,2019-07-01,11.99
293,Hulu,2019-08-01,11.99
294,Hulu,2019-09-01,11.99
295,Hulu,2019-10-01,11.99
296,Hulu,2019-11-01,11.99
297,Hulu,2019-12-01,11.99
298,Hulu,2020-01-01,11.99
299,Hulu,2020-02-01,11.99
300,Hulu,2020-03-01,11.99
301,Hulu,2020-04-01,11.99
302,Hulu,2020-05-01,11.99
303,Hulu,2020-06-01,11.99
304,Hulu,2020-07-01,11.99
305,Hulu,2020-08-01,11.99
306,Hulu,2020-09-01,11.99
307,Hulu,2020-10-01,11.99
308,Hulu,2020-11-01,11.99
309,Hulu,2020-12-01,11.99
310,Hulu,2021-01-01,11.99
311,Hulu,2021-02-01,11.99
312,Hulu,2021-03-01,11.99
313,Hulu,2021-04-01,11.99
314,Hulu,2021-05-01,11.99
315,Hulu,2021-06-01,11.99
316,Hulu,2021-07-01,11.99
317,Hulu,2021-08-01,11.99
318,Hulu,2021-09-01,11.99
319,Hulu,2021-10-01,12.99
320,Hulu,2021-11-01,12.99
321,Hulu,2021-12-01,12.99
322,Hulu,2022-01-01,12.99
323,Hulu,2022-02-01,12.99
324,Hulu,2022-03-01,12.99
325,Hulu,2022-04-01,12.99
326,Hulu,2022-05-01,12.99
327,Hulu,2022-06-01,12.99
328,Hulu,2022-07-01,12.99
329,Hulu,2022-08-01,12.99
330,Hulu,2022-09-01,12.99
331,Hulu,2022-10-01,12.99
332,Hulu,2022-11-01,12.99
333,Hulu,2022-12-01,14.99
334,Hulu,2023-01-01,14.99
335,Hulu,2023-02-01,14.99
336,Hulu,2023-03-01,14.99
337,Hulu,2023-04-01,14.99
338,Hulu,2023-05-01,14.99
339,Hulu,2023-06-01,14.99
340,Hulu,2023-07-01,14.99
341,Hulu,2023-08-01,14.99
342,Hulu,2023-09-01,14.99
343,Hulu,2023-10-01,14.99
344,Hulu,2023-11-01,14.99
345,Hulu,2023-12-01,14.99
346,Hulu,2024-01-01,17.99
347,Paramount+,2014-10-01,9.99
348,Paramount+,2014-11-01,9.99
349,Paramount+,2014-12-01,9.99
350,Paramount+,2015-01-01,9.99
351,Paramount+,2015-02-01,9.99
352,Paramount+,2015-03-01,9.99
353,Paramount+,2015-04-01,9.99
354,Paramount+,2015-05-01,9.99
355,Paramount+,2015-06-01,9.99
356,Paramount+,2015-07-01,9.99
357,Paramount+,2015-08-01,9.99
358,Paramount+,2015-09-01,9.99
359,Paramount+,2015-10-01,9.99
360,Paramount+,2015-11-01,9.99
361,Paramount+,2015-12-01,9.99
362,Paramount+,2016-01-01,9.99
363,Paramount+,2016-02-01,9.99
364,Paramount+,2016-03-01,9.99
365,Paramount+,2016-04-01,9.99
366,Paramount+,2016-05-01,9.99
367,Paramount+,2016-06-01,9.99
368,Paramount+,2016-07-01,9.99
369,Paramount+,2016-08-01,9.99
370,Paramount+,2016-09-01,9.99
371,Paramount+,2016-10-01,9.99
372,Paramount+,2016-11-01,9.99
373,Paramount+,2016-12-01,9.99
374,Paramount+,2017-01-01,9.99
375,Paramount+,2017-02-01,9.99
376,Paramount+,2017-03-01,9.99
377,Paramount+,2017-04-01,9.99
378,Paramount+,2017-05-01,9.99
379,Paramount+,2017-06-01,9.99
380,Paramount+,2017-07-01,9.99
381,Paramount+,2017-08-01,9.99
382,Paramount+,2017-09-01,9.99
383,Paramount+,2017-10-01,9.99
384,Paramount+,2017-11-01,9.99
385,Paramount+,2017-12-01,9.99
386,Paramount+,2018-01-01,9.99
387,Paramount+,2018-02-01,9.99
388,Paramount+,2018-03-01,9.99
389,Paramount+,2018-04-01,9.99
390,Paramount+,2018-05-01,9.99
391,Paramount+,2018-06-01,9.99
392,Paramount+,2018-07-01,9.99
393,Paramount+,2018-08-01,9.99
394,Paramount+,2018-09-01,9.99
395,Paramount+,2018-10-01,9.99
396,Paramount+,2018-11-01,9.99
397,Paramount+,2018-12-01,9.99
398,Paramount+,2019-01-01,9.99
399,Paramount+,2019-02-01,9.99
400,Paramount+,2019-03-01,9.99
401,Paramount+,2019-04-01,9.99
402,Paramount+,2019-05-01,9.99
403,Paramount+,2019-06-01,9.99
404,Paramount+,2019-07-01,9.99
405,Paramount+,2019-08-01,9.99
406,Paramount+,2019-09-01,9.99
407,Paramount+,2019-10-01,9.99
408,Paramount+,2019-11-01,9.99
409,Paramount+,2019-12-01,9.99
410,Paramount+,2020-01-01,9.99
411,Paramount+,2020-02-01,9.99
412,Paramount+,2020-03-01,9.99
413,Paramount+,2020-04-01,9.99
414,Paramount+,2020-05-01,9.99
415,Paramount+,2020-06-01,9.99
416,Paramount+,2020-07-01,9.99
417,Paramount+,2020-08-01,9.99
418,Paramount+,2020-09-01,9.99
419,Paramount+,2020-10-01,9.99
420,Paramount+,2020-11-01,9.99
421,Paramount+,2020-12-01,9.99
422,Paramount+,2021-01-01,9.99
423,Paramount+,2021-02-01,9.99
424,Paramount+,2021-03-01,9.99
425,Paramount+,2021-04-01,9.99
426,Paramount+,2021-05-01,9.99
427,Paramount+,2021-06-01,9.99
428,Paramount+,2021-07-01,9.99
429,Paramount+,2021-08-01,9.99
430,Paramount+,2021-09-01,9.99
431,Paramount+,2021-10-01,9.99
432,Paramount+,2021-11-01,9.99
433,Paramount+,2021-12-01,9.99
434,Paramount+,2022-01-01,9.99
435,Paramount+,2022-02-01,9.99
436,Paramount+,2022-03-01,9.99
437,Paramount+,2022-04-01,9.99
438,Paramount+,2022-05-01,9.99
439,Paramount+,2022-06-01,9.99
440,Paramount+,2022-07-01,9.99
441,Paramount+,2022-08-01,9.99
442,Paramount+,2022-09-01,9.99
443,Paramount+,2022-10-01,9.99
444,Paramount+,2022-11-01,9.99
445,Paramount+,2022-12-01,9.99
446,Paramount+,2023-01-01,9.99
447,Paramount+,2023-02-01,9.99
448,Paramount+,2023-03-01,9.99
449,Paramount+,2023-04-01,9.99
450,Paramount+,2023-05-01,9.99
451,Paramount+,2023-06-01,11.99
452,Paramount+,2023-07-01,11.99
453,Paramount+,2023-08-01,11.99
454,Paramount+,2023-09-01,11.99
455,Paramount+,2023-10-01,11.99
456,Paramount+,2023-11-01,11.99
457,Paramount+,2023-12-01,11.99
458,Paramount+,2024-01-01,11.99
459,Prime Video,2016-04-01,8.99
460,Prime Video,2016-05-01,8.99
461,Prime Video,2016-06-01,8.99
462,Prime Video,2016-07-01,8.99
463,Prime Video,2016-08-01,8.99
464,Prime Video,2016-09-01,8.99
465,Prime Video,2016-10-01,8.99
466,Prime Video,2016-11-01,8.99
467,Prime Video,2016-12-01,8.99
468,Prime Video,2017-01-01,8.99
469,Prime Video,2017-02-01,8.99
470,Prime Video,2017-03-01,8.99
471,Prime Video,2017-04-01,8.99
472,Prime Video,2017-05-01,8.99
473,Prime Video,2017-06-01,8.99
474,Prime Video,2017-07-01,8.99
475,Prime Video,2017-08-01,8.99
476,Prime Video,2017-09-01,8.99
477,Prime Video,2017-10-01,8.99
478,Prime Video,2017-11-01,8.99
479,Prime Video,2017-12-01,8.99
480,Prime Video,2018-01-01,8.99
481,Prime Video,2018-02-01,8.99
482,Prime Video,2018-03-01,8.99
483,Prime Video,2018-04-01,8.99
484,Prime Video,2018-05-01,8.99
485,Prime Video,2018-06-01,8.99
486,Prime Video,2018-07-01,8.99
487,Prime Video,2018-08-01,8.99
488,Prime Video,2018-09-01,8.99
489,Prime Video,2018-10-01,8.99
490,Prime Video,2018-11-01,8.99
491,Prime Video,2018-12-01,8.99
492,Prime Video,2019-01-01,8.99
493,Prime Video,2019-02-01,8.99
494,Prime Video,2019-03-01,8.99
495,Prime Video,2019-04-01,8.99
496,Prime Video,2019-05-01,8.99
497,Prime Video,2019-06-01,8.99
498,Prime Video,2019-07-01,8.99
499,Prime Video,2019-08-01,8.99
500,Prime Video,2019-09-01,8.99
501,Prime Video,2019-10-01,8.99
502,Prime Video,2019-11-01,8.99
503,Prime Video,2019-12-01,8.99
504,Prime Video,2020-01-01,8.99
505,Prime Video,2020-02-01,8.99
506,Prime Video,2020-03-01,8.99
507,Prime Video,2020-04-01,8.99
508,Prime Video,2020-05-01,8.99
509,Prime Video,2020-06-01,8.99
510,Prime Video,2020-07-01,8.99
511,Prime Video,2020-08-01,8.99
512,Prime Video,2020-09-01,8.99
513,Prime Video,2020-10-01,8.99
514,Prime Video,2020-11-01,8.99
515,Prime Video,2020-12-01,8.99
516,Prime Video,2021-01-01,8.99
517,Prime Video,2021-02-01,8.99
518,Prime Video,2021-03-01,8.99
519,Prime Video,2021-04-01,8.99
520,Prime Video,2021-05-01,8.99
521,Prime Video,2021-06-01,8.99
522,Prime Video,2021-07-01,8.99
523,Prime Video,2021-08-01,8.99
524,Prime Video,2021-09-01,8.99
525,Prime Video,2021-10-01,8.99
526,Prime Video,2021-11-01,8.99
527,Prime Video,2021-12-01,8.99
528,Prime Video,2022-01-01,8.99
529,Prime Video,2022-02-01,8.99
530,Prime Video,2022-03-01,8.99
531,Prime Video,2022-04-01,8.99
532,Prime Video,2022-05-01,8.99
533,Prime Video,2022-06-01,8.99
534,Prime Video,2022-07-01,8.99
535,Prime Video,2022-08-01,8.99
536,Prime Video,2022-09-01,8.99
537,Prime Video,2022-10-01,8.99
538,Prime Video,2022-11-01,8.99
539,Prime Video,2022-12-01,8.99
540,Prime Video,2023-01-01,8.99
541,Prime Video,2023-02-01,8.99
542,Prime Video,2023-03-01,8.99
543,Prime Video,2023-04-01,8.99
544,Prime Video,2023-05-01,8.99
545,Prime Video,2023-06-01,8.99
546,Prime Video,2023-07-01,8.99
547,Prime Video,2023-08-01,8.99
548,Prime Video,2023-09-01,8.99
549,Prime Video,2023-10-01,8.99
550,Prime Video,2023-11-01,8.99
551,Prime Video,2023-12-01,8.99
552,Prime Video,2024-01-01,11.99
553,Apple TV+,2019-11-01,4.99
554,Apple TV+,2019-12-01,4.99
555,Apple TV+,2020-01-01,4.99
556,Apple TV+,2020-02-01,4.99
557,Apple TV+,2020-03-01,4.99
558,Apple TV+,2020-04-01,4.99
559,Apple TV+,2020-05-01,4.99
560,Apple TV+,2020-06-01,4.99
561,Apple TV+,2020-07-01,4.99
562,Apple TV+,2020-08-01,4.99
563,Apple TV+,2020-09-01,4.99
564,Apple TV+,2020-10-01,4.99
565,Apple TV+,2020-11-01,4.99
566,Apple TV+,2020-12-01,4.99
567,Apple TV+,2021-01-01,4.99
568,Apple TV+,2021-02-01,4.99
569,Apple TV+,2021-03-01,4.99
570,Apple TV+,2021-04-01,4.99
571,Apple TV+,2021-05-01,4.99
572,Apple TV+,2021-06-01,4.99
573,Apple TV+,2021-07-01,4.99
574,Apple TV+,2021-08-01,4.99
575,Apple TV+,2021-09-01,4.99
576,Apple TV+,2021-10-01,4.99
577,Apple TV+,2021-11-01,4.99
578,Apple TV+,2021-12-01,4.99
579,Apple TV+,2022-01-01,4.99
580,Apple TV+,2022-02-01,4.99
581,Apple TV+,2022-03-01,4.99
582,Apple TV+,2022-04-01,4.99
583,Apple TV+,2022-05-01,4.99
584,Apple TV+,2022-06-01,4.99
585,Apple TV+,2022-07-01,4.99
586,Apple TV+,2022-08-01,4.99
587,Apple TV+,2022-09-01,4.99
588,Apple TV+,2022-10-01,6.99
589,Apple TV+,2022-11-01,6.99
590,Apple TV+,2022-12-01,6.99
591,Apple TV+,2023-01-01,6.99
592,Apple TV+,2023-02-01,6.99
593,Apple TV+,2023-03-01,6.99
594,Apple TV+,2023-04-01,6.99
595,Apple TV+,2023-05-01,6.99
596,Apple TV+,2023-06-01,6.99
597,Apple TV+,2023-07-01,6.99
598,Apple TV+,2023-08-01,6.99
599,Apple TV+,2023-09-01,6.99
600,Apple TV+,2023-10-01,6.99
601,Apple TV+,2023-11-01,6.99
602,Apple TV+,2023-12-01,6.99
603,Apple TV+,2024-01-01,9.99
604,Peacock,2020-07-01,9.99
605,Peacock,2020-08-01,9.99
606,Peacock,2020-09-01,9.99
607,Peacock,2020-10-01,9.99
608,Peacock,2020-11-01,9.99
609,Peacock,2020-12-01,9.99
610,Peacock,2021-01-01,9.99
611,Peacock,2021-02-01,9.99
612,Peacock,2021-03-01,9.99
613,Peacock,2021-04-01,9.99
614,Peacock,2021-05-01,9.99
615,Peacock,2021-06-01,9.99
616,Peacock,2021-07-01,9.99
617,Peacock,2021-08-01,9.99
618,Peacock,2021-09-01,9.99
619,Peacock,2021-10-01,9.99
620,Peacock,2021-11-01,9.99
621,Peacock,2021-12-01,9.99
622,Peacock,2022-01-01,9.99
623,Peacock,2022-02-01,9.99
624,Peacock,2022-03-01,9.99
625,Peacock,2022-04-01,9.99
626,Peacock,2022-05-01,9.99
627,Peacock,2022-06-01,9.99
628,Peacock,2022-07-01,9.99
629,Peacock,2022-08-01,9.99
630,Peacock,2022-09-01,9.99
631,Peacock,2022-10-01,9.99
632,Peacock,2022-11-01,9.99
633,Peacock,2022-12-01,9.99
634,Peacock,2023-01-01,9.99
635,Peacock,2023-02-01,9.99
636,Peacock,2023-03-01,9.99
637,Peacock,2023-04-01,9.99
638,Peacock,2023-05-01,9.99
639,Peacock,2023-06-01,9.99
640,Peacock,2023-07-01,9.99
641,Peacock,2023-08-01,11.99
642,Peacock,2023-09-01,11.99
643,Peacock,2023-10-01,11.99
644,Peacock,2023-11-01,11.99
645,Peacock,2023-12-01,11.99
646,Peacock,2024-01-01,11.99
647,Shudder,2016-10-01,5.99
648,Shudder,2016-11-01,5.99
649,Shudder,2016-12-01,5.99
650,Shudder,2017-01-01,5.99
651,Shudder,2017-02-01,5.99
652,Shudder,2017-03-01,5.99
653,Shudder,2017-04-01,5.99
654,Shudder,2017-05-01,5.99
655,Shudder,2017-06-01,5.99
656,Shudder,2017-07-01,5.99
657,Shudder,2017-08-01,5.99
658,Shudder,2017-09-01,5.99
659,Shudder,2017-10-01,5.99
660,Shudder,2017-11-01,5.99
661,Shudder,2017-12-01,5.99
662,Shudder,2018-01-01,5.99
663,Shudder,2018-02-01,5.99
664,Shudder,2018-03-01,5.99
665,Shudder,2018-04-01,5.99
666,Shudder,2018-05-01,5.99
667,Shudder,2018-06-01,5.99
668,Shudder,2018-07-01,5.99
669,Shudder,2018-08-01,5.99
670,Shudder,2018-09-01,5.99
671,Shudder,2018-10-01,5.99
672,Shudder,2018-11-01,5.99
673,Shudder,2018-12-01,5.99
674,Shudder,2019-01-01,5.99
675,Shudder,2019-02-01,5.99
676,Shudder,2019-03-01,5.99
677,Shudder,2019-04-01,5.99
678,Shudder,2019-05-01,5.99
679,Shudder,2019-06-01,5.99
680,Shudder,2019-07-01,5.99
681,Shudder,2019-08-01,5.99
682,Shudder,2019-09-01,5.99
683,Shudder,2019-10-01,5.99
684,Shudder,2019-11-01,5.99
685,Shudder,2019-12-01,5.99
686,Shudder,2020-01-01,5.99
687,Shudder,2020-02-01,5.99
688,Shudder,2020-03-01,5.99
689,Shudder,2020-04-01,5.99
690,Shudder,2020-05-01,5.99
691,Shudder,2020-06-01,5.99
692,Shudder,2020-07-01,5.99
693,Shudder,2020-08-01,5.99
694,Shudder,2020-09-01,5.99
695,Shudder,2020-10-01,5.99
696,Shudder,2020-11-01,5.99
697,Shudder,2020-12-01,5.99
698,Shudder,2021-01-01,5.99
699,Shudder,2021-02-01,5.99
700,Shudder,2021-03-01,5.99
701,Shudder,2021-04-01,5.99
702,Shudder,2021-05-01,5.99
703,Shudder,2021-06-01,5.99
704,Shudder,2021-07-01,5.99
705,Shudder,2021-08-01,5.99
706,Shudder,2021-09-01,5.99
707,Shudder,2021-10-01,5.99
708,Shudder,2021-11-01,5.99
709,Shudder,2021-12-01,5.99
710,Shudder,2022-01-01,5.99
711,Shudder,2022-02-01,5.99
712,Shudder,2022-03-01,5.99
713,Shudder,2022-04-01,5.99
714,Shudder,2022-05-01,5.99
715,Shudder,2022-06-01,5.99
716,Shudder,2022-07-01,5.99
717,Shudder,2022-08-01,5.99
718,Shudder,2022-09-01,5.99
719,Shudder,2022-10-01,5.99
720,Shudder,2022-11-01,5.99
721,Shudder,2022-12-01,5.99
722,Shudder,2023-01-01,5.99
723,Shudder,2023-02-01,5.99
724,Shudder,2023-03-01,5.99
725,Shudder,2023-04-01,5.99
726,Shudder,2023-05-01,5.99
727,Shudder,2023-06-01,5.99
728,Shudder,2023-07-01,5.99
729,Shudder,2023-08-01,6.99
730,Shudder,2023-09-01,6.99
731,Shudder,2023-10-01,6.99
732,Shudder,2023-11-01,6.99
733,Shudder,2023-12-01,6.99
734,Shudder,2024-01-01,6.99
735,Crunchyroll,2020-08-01,7.99
736,Crunchyroll,2020-09-01,7.99
737,Crunchyroll,2020-10-01,7.99
738,Crunchyroll,2020-11-01,7.99
739,Crunchyroll,2020-12-01,7.99
740,Crunchyroll,2021-01-01,7.99
741,Crunchyroll,2021-02-01,7.99
742,Crunchyroll,2021-03-01,7.99
743,Crunchyroll,2021-04-01,7.99
744,Crunchyroll,2021-05-01,7.99
745,Crunchyroll,2021-06-01,7.99
746,Crunchyroll,2021-07-01,7.99
747,Crunchyroll,2021-08-01,7.99
748,Crunchyroll,2021-09-01,7.99
749,Crunchyroll,2021-10-01,7.99
750,Crunchyroll,2021-11-01,7.99
751,Crunchyroll,2021-12-01,7.99
752,Crunchyroll,2022-01-01,7.99
753,Crunchyroll,2022-02-01,7.99
754,Crunchyroll,2022-03-01,7.99
755,Crunchyroll,2022-04-01,7.99
756,Crunchyroll,2022-05-01,7.99
757,Crunchyroll,2022-06-01,7.99
758,Crunchyroll,2022-07-01,7.99
759,Crunchyroll,2022-08-01,7.99
760,Crunchyroll,2022-09-01,7.99
761,Crunchyroll,2022-10-01,7.99
762,Crunchyroll,2022-11-01,7.99
763,Crunchyroll,2022-12-01,7.99
764,Crunchyroll,2023-01-01,7.99
765,Crunchyroll,2023-02-01,7.99
766,Crunchyroll,2023-03-01,7.99
767,Crunchyroll,2023-04-01,7.99
768,Crunchyroll,2023-05-01,7.99
769,Crunchyroll,2023-06-01,7.99
770,Crunchyroll,2023-07-01,7.99
771,Crunchyroll,2023-08-01,7.99
772,Crunchyroll,2023-09-01,7.99
773,Crunchyroll,2023-10-01,7.99
774,Crunchyroll,2023-11-01,7.99
775,Crunchyroll,2023-12-01,7.99
776,Crunchyroll,2024-01-01,7.99
